[{"line":1,"elements":[{"start_timestamp":"2024-07-05T14:15:59.758Z","line":4,"name":"Successful login login with valid credentials","description":"","id":"login-functionality;successful-login-login-with-valid-credentials","type":"scenario","keyword":"Scenario","steps":[{"result":{"duration":7908282600,"status":"passed"},"line":5,"name":"user launch browser \"https://www.saucedemo.com/\"","match":{"arguments":[{"val":"\"https://www.saucedemo.com/\"","offset":20}],"location":"steps.StepDef_LoginPage.user_launch_browser(java.lang.String)"},"keyword":"Given "},{"result":{"duration":232098900,"status":"passed"},"line":6,"name":"user name as \"standard_user\"","match":{"arguments":[{"val":"\"standard_user\"","offset":13}],"location":"steps.StepDef_LoginPage.user_name_as(java.lang.String)"},"keyword":"When "},{"result":{"duration":214827200,"status":"passed"},"line":7,"name":"user  password as \"secret_sauce\"","match":{"arguments":[{"val":"\"secret_sauce\"","offset":18}],"location":"steps.StepDef_LoginPage.user_password_as(java.lang.String)"},"keyword":"And "},{"result":{"duration":300032800,"status":"passed"},"line":8,"name":"click login button","match":{"location":"steps.StepDef_LoginPage.click_login_button()"},"keyword":"And "},{"result":{"duration":8135400,"status":"passed"},"line":9,"name":"login should be successful where page title \"PageTitle\"","match":{"arguments":[{"val":"\"PageTitle\"","offset":44}],"location":"steps.StepDef_LoginPage.login_should_be_successful_where_page_title(java.lang.String)"},"keyword":"Then "},{"result":{"duration":1000400,"status":"passed"},"line":10,"name":"close browser","match":{"location":"steps.StepDef_LoginPage.close_browser()"},"keyword":"And "}],"tags":[{"name":"@Login"}]},{"start_timestamp":"2024-07-05T14:16:08.504Z","line":24,"name":"Successful login login with valid credentials Datadriven testing","description":"","id":"login-functionality;successful-login-login-with-valid-credentials-datadriven-testing;;2","type":"scenario","keyword":"Scenario Outline","steps":[{"result":{"duration":6993671600,"status":"passed"},"line":14,"name":"user launch browser \"https://www.saucedemo.com/\"","match":{"arguments":[{"val":"\"https://www.saucedemo.com/\"","offset":20}],"location":"steps.StepDef_LoginPage.user_launch_browser(java.lang.String)"},"keyword":"Given "},{"result":{"duration":472330300,"status":"passed"},"line":15,"name":"user name as \"locked_out_user\"","match":{"arguments":[{"val":"\"locked_out_user\"","offset":13}],"location":"steps.StepDef_LoginPage.user_name_as(java.lang.String)"},"keyword":"When "},{"result":{"duration":273126600,"status":"passed"},"line":16,"name":"user  password as \"secret_sauce\"","match":{"arguments":[{"val":"\"secret_sauce\"","offset":18}],"location":"steps.StepDef_LoginPage.user_password_as(java.lang.String)"},"keyword":"And "},{"result":{"duration":268205200,"status":"passed"},"line":17,"name":"click login button","match":{"location":"steps.StepDef_LoginPage.click_login_button()"},"keyword":"And "},{"result":{"status":"passed"},"line":18,"name":"login should be successful where page title \"PageTitle\"","match":{"arguments":[{"val":"\"PageTitle\"","offset":44}],"location":"steps.StepDef_LoginPage.login_should_be_successful_where_page_title(java.lang.String)"},"keyword":"Then "},{"result":{"duration":995800,"status":"passed"},"line":19,"name":"close browser","match":{"location":"steps.StepDef_LoginPage.close_browser()"},"keyword":"And "}]},{"start_timestamp":"2024-07-05T14:16:16.542Z","line":25,"name":"Successful login login with valid credentials Datadriven testing","description":"","id":"login-functionality;successful-login-login-with-valid-credentials-datadriven-testing;;3","type":"scenario","keyword":"Scenario Outline","steps":[{"result":{"duration":7359600400,"status":"passed"},"line":14,"name":"user launch browser \"https://www.saucedemo.com/\"","match":{"arguments":[{"val":"\"https://www.saucedemo.com/\"","offset":20}],"location":"steps.StepDef_LoginPage.user_launch_browser(java.lang.String)"},"keyword":"Given "},{"result":{"duration":343200400,"status":"passed"},"line":15,"name":"user name as \"problem_user\"","match":{"arguments":[{"val":"\"problem_user\"","offset":13}],"location":"steps.StepDef_LoginPage.user_name_as(java.lang.String)"},"keyword":"When "},{"result":{"duration":245176800,"status":"passed"},"line":16,"name":"user  password as \"secret_sauce\"","match":{"arguments":[{"val":"\"secret_sauce\"","offset":18}],"location":"steps.StepDef_LoginPage.user_password_as(java.lang.String)"},"keyword":"And "},{"result":{"duration":345191000,"status":"passed"},"line":17,"name":"click login button","match":{"location":"steps.StepDef_LoginPage.click_login_button()"},"keyword":"And "},{"result":{"duration":997400,"status":"passed"},"line":18,"name":"login should be successful where page title \"PageTitle\"","match":{"arguments":[{"val":"\"PageTitle\"","offset":44}],"location":"steps.StepDef_LoginPage.login_should_be_successful_where_page_title(java.lang.String)"},"keyword":"Then "},{"result":{"duration":2018400,"status":"passed"},"line":19,"name":"close browser","match":{"location":"steps.StepDef_LoginPage.close_browser()"},"keyword":"And "}]}],"name":"Login functionality","description":"","id":"login-functionality","keyword":"Feature","uri":"file:FeatureFolder/LoginFeature.feature","tags":[]}]