[{"line":3,"elements":[{"start_timestamp":"2024-07-06T13:27:48.320Z","line":7,"name":"Title of your scenario","description":"","id":"login-functionality;title-of-your-scenario","type":"scenario","keyword":"Scenario","steps":[{"result":{"duration":4051786000,"status":"passed"},"line":8,"name":"user launch the url using DataTable","match":{"location":"steps.LoginByDataTable_StepDef.user_launch_the_url_using_data_table(io.cucumber.datatable.DataTable)"},"rows":[{"cells":["https://www.saucedemo.com/"]}],"keyword":"Given "},{"result":{"duration":320754100,"status":"passed"},"line":10,"name":"user enter credential using DataTable","match":{"location":"steps.LoginByDataTable_StepDef.user_enter_credential_using_data_table(io.cucumber.datatable.DataTable)"},"rows":[{"cells":["standard_user","secret_sauce"]}],"keyword":"When "},{"result":{"duration":193624300,"status":"passed"},"line":12,"name":"user click on login button","match":{"location":"steps.LoginByDataTable_StepDef.user_click_on_login_button()"},"keyword":"And "},{"result":{"duration":3001100,"status":"passed"},"line":13,"name":"login should be successful with page title","match":{"location":"steps.LoginByDataTable_StepDef.login_should_be_successful_with_page_title()"},"keyword":"Then "}],"tags":[{"name":"@tag"},{"name":"@tag1"}]}],"name":"Login functionality","description":"  I want to use this template for my feature file","id":"login-functionality","keyword":"Feature","uri":"file:FeatureFolder/DataTableFeatureFile.feature","tags":[{"name":"@tag","type":"Tag","location":{"line":2,"column":1}}]}]